"Designator","Footprint","Mid X","Mid Y","Ref X","Ref Y","Pad X","Pad Y","Layer","Rotation","Comment"
""
"R44","RES_1206","6699.937mil","4790.337mil","6699.937mil","4794.275mil","6699.937mil","4862.188mil","B","270.00","10K"
"S12_1","PAD","3740.157mil","590.551mil","3740.157mil","590.551mil","3740.157mil","393.701mil","T","270.00","SW-PB"
"S11_1","PAD","3149.606mil","590.551mil","3149.606mil","590.551mil","3149.606mil","393.701mil","T","270.00","SW-PB"
"S10_1","PAD","2559.055mil","590.551mil","2559.055mil","590.551mil","2559.055mil","393.701mil","T","270.00","SW-PB"
"S9_1","PAD","1968.504mil","590.551mil","1968.504mil","590.551mil","1968.504mil","393.701mil","T","270.00","SW-PB"
"S4_2","PAD","6299.213mil","590.551mil","6299.213mil","590.551mil","6299.213mil","393.701mil","T","270.00","SW-PB"
"S3_2","PAD","5708.661mil","590.551mil","5708.661mil","590.551mil","5708.661mil","393.701mil","T","270.00","SW-PB"
"S2_2","PAD","5118.11mil","590.551mil","5118.11mil","590.551mil","5118.11mil","393.701mil","T","270.00","SW-PB"
"S1_2","PAD","4527.559mil","590.551mil","4527.559mil","590.551mil","4527.559mil","393.701mil","T","270.00","SW-PB"
"S8_1","PAD","6299.213mil","1181.102mil","6299.213mil","1181.102mil","6299.213mil","1377.953mil","T","90.00","SW-PB"
"S7_1","PAD","5708.661mil","1181.102mil","5708.661mil","1181.102mil","5708.661mil","1377.953mil","T","90.00","SW-PB"
"S6_1","PAD","5118.11mil","1181.102mil","5118.11mil","1181.102mil","5118.11mil","1377.953mil","T","90.00","SW-PB"
"S5_1","PAD","4527.559mil","1181.102mil","4527.559mil","1181.102mil","4527.559mil","1377.953mil","T","90.00","SW-PB"
"S4_1","PAD","3740.157mil","1185.039mil","3740.157mil","1185.039mil","3740.157mil","1381.89mil","T","90.00","SW-PB"
"S3_1","PAD","3149.606mil","1181.102mil","3149.606mil","1181.102mil","3149.606mil","1377.953mil","T","90.00","SW-PB"
"S2_1","PAD","2559.055mil","1181.102mil","2559.055mil","1181.102mil","2559.055mil","1377.953mil","T","90.00","SW-PB"
"S1_1","PAD","1968.504mil","1181.102mil","1968.504mil","1181.102mil","1968.504mil","1377.953mil","T","90.00","SW-PB"
"S12_2","PAD","2559.055mil","3641.732mil","2559.055mil","3641.732mil","2559.055mil","3444.882mil","T","270.00","SW-PB"
"S11_2","PAD","1968.504mil","3641.732mil","1968.504mil","3641.732mil","1968.504mil","3444.882mil","T","270.00","SW-PB"
"S10_2","PAD","1377.953mil","3641.732mil","1377.953mil","3641.732mil","1377.953mil","3444.882mil","T","270.00","SW-PB"
"S9_2","PAD","787.402mil","3641.732mil","787.402mil","3641.732mil","787.402mil","3444.882mil","T","270.00","SW-PB"
"S8_2","PAD","2559.055mil","4232.283mil","2559.055mil","4232.283mil","2559.055mil","4429.134mil","T","90.00","SW-PB"
"S7_2","PAD","1968.504mil","4232.283mil","1968.504mil","4232.283mil","1968.504mil","4429.134mil","T","90.00","SW-PB"
"S6_2","PAD","1377.953mil","4232.283mil","1377.953mil","4232.283mil","1377.953mil","4429.134mil","T","90.00","SW-PB"
"S5_2","PAD","787.402mil","4232.283mil","787.402mil","4232.283mil","787.402mil","4429.134mil","T","90.00","SW-PB"
"P0","PWR","1929.134mil","5435.039mil","1929.134mil","5433.071mil","1811.024mil","5433.071mil","B","0.00","Power Input"
"D1","SMC_Vishay","1488.189mil","5366.142mil","1488.189mil","5366.142mil","1613.386mil","5366.142mil","B","0.00","1N5401"
"U6","LCD-128H064A","4763.779mil","4113.937mil","4763.779mil","4114.173mil","5483.779mil","2834.173mil","T","360.00","LCD-128H064A"
"U1","PIC32MX150F128B-I/SO","7251.97mil","860.042mil","7437.009mil","1185.041mil","7437.01mil","1185.042mil","B","180.00","PIC32MX150F128B"
"D1_3","LED-3mm","787.402mil","4232.285mil","787.402mil","4232.285mil","837.402mil","4232.285mil","T","180.00","LED"
"P3","SDAMB-01215BT00","7421.261mil","4901.577mil","6937.009mil","5188.978mil","7704.725mil","5202.758mil","B","360.00","SDAMB-01215BT00"
"Cod_1","PEC11R-4xxxF-Sxxxx","688.977mil","2155.514mil","688.977mil","2165.356mil","590.552mil","2440.947mil","T","0.00","Switch"
"C1","CAPA_PANA_SIZE_D*","1850.395mil","5110.239mil","1850.394mil","5110.238mil","1850.395mil","5011.814mil","B","180.00","470uF"
"C2","capa_1206","2047.245mil","5125.987mil","2047.245mil","5125.986mil","2047.245mil","5197.838mil","B","270.00","100nF"
"C3","capa_1206","2287.402mil","5240.16mil","2287.402mil","5240.159mil","2215.551mil","5240.16mil","B","360.00","10uF"
"C4","CAPA_PANA_SIZE_D*","1948.821mil","4677.167mil","1948.82mil","4677.167mil","1948.821mil","4775.592mil","B","360.00","100uF"
"C5","capa_1206","1751.969mil","4661.419mil","1751.969mil","4661.419mil","1751.969mil","4589.568mil","B","90.00","100nF"
"C6","CAPA_PANA_SIZE_D*","1259.843mil","4677.167mil","1259.843mil","4677.167mil","1259.843mil","4775.592mil","B","360.00","470uF"
"C7","capa_1206","1456.693mil","4661.419mil","1456.694mil","4661.419mil","1456.693mil","4589.568mil","B","90.00","100nF"
"C8","capa_1206","925.198mil","5240.158mil","925.198mil","5240.159mil","997.049mil","5240.158mil","B","180.00","10uF"
"C9","CAPA_PANA_SIZE_D*","1358.267mil","5106.301mil","1358.268mil","5106.301mil","1358.267mil","5007.876mil","B","180.00","100uF"
"C10","capa_1206","1161.417mil","5125.987mil","1161.418mil","5125.986mil","1161.417mil","5197.838mil","B","270.00","100nF"
"C21_MCP1","capa_1206","771.655mil","2755.906mil","771.654mil","2755.907mil","843.506mil","2755.906mil","B","180.00","10uF"
"C21_MCP2","capa_1206","2255.906mil","2755.907mil","2255.906mil","2755.907mil","2327.756mil","2755.907mil","B","180.00","10uF"
"C22_MCP1","capa_1206","771.655mil","2637.796mil","771.654mil","2637.797mil","843.506mil","2637.796mil","B","180.00","100nF"
"C22_MCP2","capa_1206","2255.907mil","2637.797mil","2255.906mil","2637.797mil","2327.758mil","2637.797mil","B","180.00","100nF"
"C31","capa_1206","744.096mil","1181.104mil","744.095mil","1181.104mil","815.947mil","1181.104mil","B","180.00","10uF"
"C32","capa_1206","744.095mil","1354.334mil","744.095mil","1354.333mil","815.945mil","1354.334mil","B","180.00","100nF"
"C33","capa_1206","1377.954mil","989.177mil","1377.954mil","989.176mil","1377.954mil","1061.027mil","B","270.00","10uF"
"C34","capa_1206","1496.064mil","989.176mil","1496.064mil","989.176mil","1496.064mil","1061.027mil","B","270.00","10uF"
"C35","capa_1206","1259.844mil","989.176mil","1259.844mil","989.176mil","1259.844mil","1061.027mil","B","270.00","10uF"
"C36","capa_1206","1141.734mil","989.176mil","1141.733mil","989.176mil","1141.734mil","1061.027mil","B","270.00","10uF"
"C41","capa_1206","6834.646mil","2874.018mil","6834.646mil","2874.018mil","6762.796mil","2874.018mil","B","360.00","10uF"
"C42","capa_1206","6834.646mil","2972.444mil","6834.646mil","2972.443mil","6762.796mil","2972.444mil","B","360.00","100nF"
"C71_1","capa_1206","472.441mil","1795.278mil","472.442mil","1795.277mil","472.441mil","1723.428mil","B","90.00","10nF"
"C71_2","capa_1206","1456.693mil","1795.277mil","1456.694mil","1795.277mil","1456.693mil","1723.426mil","B","90.00","10nF"
"C71_3","capa_1206","2440.945mil","1795.277mil","2440.946mil","1795.277mil","2440.945mil","1723.426mil","B","90.00","10nF"
"C71_4","capa_1206","3425.197mil","1795.278mil","3425.198mil","1795.277mil","3425.197mil","1723.428mil","B","90.00","10nF"
"C71_5","capa_1206","4409.449mil","1795.277mil","4409.449mil","1795.277mil","4409.449mil","1723.426mil","B","90.00","10nF"
"C71_6","capa_1206","5393.701mil","1795.277mil","5393.702mil","1795.277mil","5393.701mil","1723.426mil","B","90.00","10nF"
"C71_7","capa_1206","6377.953mil","1795.278mil","6377.953mil","1795.277mil","6377.953mil","1723.428mil","B","90.00","10nF"
"C71_8","capa_1206","7362.205mil","1795.277mil","7362.205mil","1795.277mil","7362.205mil","1723.426mil","B","90.00","10nF"
"C71_9","capa_1206","7027.558mil","3566.93mil","7027.56mil","3566.931mil","7027.558mil","3495.08mil","B","90.00","10nF"
"C72_1","capa_1206","905.513mil","1795.278mil","905.513mil","1795.277mil","905.513mil","1867.128mil","B","270.00","10nF"
"C72_2","capa_1206","1889.765mil","1795.277mil","1889.764mil","1795.277mil","1889.765mil","1867.128mil","B","270.00","10nF"
"C72_3","capa_1206","2874.017mil","1795.277mil","2874.017mil","1795.277mil","2874.017mil","1867.128mil","B","270.00","10nF"
"C72_4","capa_1206","3858.269mil","1795.278mil","3858.268mil","1795.277mil","3858.269mil","1867.128mil","B","270.00","10nF"
"C72_5","capa_1206","4842.521mil","1795.277mil","4842.52mil","1795.277mil","4842.521mil","1867.128mil","B","270.00","10nF"
"C72_6","capa_1206","5826.773mil","1795.277mil","5826.772mil","1795.277mil","5826.773mil","1867.128mil","B","270.00","10nF"
"C72_7","capa_1206","6811.025mil","1795.278mil","6811.024mil","1795.277mil","6811.025mil","1867.128mil","B","270.00","10nF"
"C72_8","capa_1206","7795.277mil","1795.277mil","7795.276mil","1795.277mil","7795.277mil","1867.128mil","B","270.00","10nF"
"C72_9","capa_1206","7421.262mil","3566.93mil","7421.261mil","3566.931mil","7421.262mil","3638.78mil","B","270.00","10nF"
"C91","capa_1206","6149.606mil","2496.065mil","6149.607mil","2496.065mil","6149.606mil","2424.214mil","B","90.00","10uF"
"C92","capa_1206","6248.032mil","2496.065mil","6248.032mil","2496.065mil","6248.032mil","2424.214mil","B","90.00","100nF"
"C101","capa_1206","6811.025mil","1102.364mil","6811.024mil","1102.364mil","6811.025mil","1174.214mil","B","270.00","10uF"
"C102","capa_1206","6692.915mil","1102.364mil","6692.914mil","1102.364mil","6692.915mil","1174.214mil","B","270.00","100nF"
"C103","capa_1206","7224.409mil","444.885mil","7224.41mil","444.884mil","7296.259mil","444.885mil","B","180.00","10uF"
"C104","capa_1206","7224.409mil","354.332mil","7224.41mil","354.333mil","7296.259mil","354.332mil","B","180.00","100nF"
"C105","capa_1206","7984.252mil","870.081mil","7984.253mil","870.081mil","7912.402mil","870.081mil","B","360.00","22pF"
"C106","capa_1206","7984.252mil","653.545mil","7984.253mil","653.545mil","7912.402mil","653.545mil","B","360.00","22pF"
"C108","capa_1206","6811.025mil","857.284mil","6811.024mil","857.284mil","6811.025mil","785.434mil","B","90.00","100nF"
"C109","capa_1206","7035.434mil","3192.915mil","7035.434mil","3192.915mil","7035.434mil","3121.064mil","B","90.00","10uF"
"C110","capa_1206","7204.726mil","3192.916mil","7204.725mil","3192.915mil","7204.726mil","3121.066mil","B","90.00","100nF"
"C111","capa_1206","7224.41mil","173.23mil","7224.41mil","173.23mil","7224.41mil","101.38mil","B","90.00","100nF"
"Cod_2","PEC11R-4xxxF-Sxxxx","1673.229mil","2155.514mil","1673.229mil","2165.356mil","1574.804mil","2440.947mil","T","0.00","Switch"
"Cod_3","PEC11R-4xxxF-Sxxxx","2657.481mil","2155.514mil","2657.481mil","2165.356mil","2559.056mil","2440.947mil","T","0.00","Switch"
"Cod_4","PEC11R-4xxxF-Sxxxx","3641.733mil","2155.514mil","3641.733mil","2165.356mil","3543.308mil","2440.947mil","T","0.00","Switch"
"Cod_5","PEC11R-4xxxF-Sxxxx","4625.985mil","2155.514mil","4625.985mil","2165.356mil","4527.56mil","2440.947mil","T","0.00","Switch"
"Cod_6","PEC11R-4xxxF-Sxxxx","5610.237mil","2155.514mil","5610.237mil","2165.356mil","5511.812mil","2440.947mil","T","0.00","Switch"
"Cod_7","PEC11R-4xxxF-Sxxxx","6594.489mil","2155.514mil","6594.489mil","2165.356mil","6496.064mil","2440.947mil","T","0.00","Switch"
"Cod_8","PEC11R-4xxxF-Sxxxx","7578.741mil","2155.514mil","7578.741mil","2165.356mil","7480.316mil","2440.947mil","T","0.00","Switch"
"Cod_9","PEC11R-4xxxF-Sxxxx","7224.41mil","3927.167mil","7224.41mil","3937.01mil","7125.985mil","4212.6mil","T","0.00","Switch"
"D1_1","LED-3mm","1968.505mil","1181.104mil","1968.505mil","1181.104mil","2018.505mil","1181.104mil","T","180.00","LED"
"D1_2","LED-3mm","1968.505mil","590.553mil","1968.505mil","590.553mil","2018.505mil","590.553mil","T","180.00","LED"
"D1_4","LED-3mm","688.977mil","1692.915mil","688.977mil","1692.915mil","688.977mil","1642.915mil","T","90.00","LED"
"D2_1","LED-3mm","2559.056mil","1181.104mil","2559.056mil","1181.104mil","2609.056mil","1181.104mil","T","180.00","LED"
"D2_2","LED-3mm","2559.056mil","590.553mil","2559.056mil","590.553mil","2609.056mil","590.553mil","T","180.00","LED"
"D2_3","LED-3mm","1377.954mil","4232.285mil","1377.954mil","4232.285mil","1427.954mil","4232.285mil","T","180.00","LED"
"D2_4","LED-3mm","1673.229mil","1692.915mil","1673.229mil","1692.915mil","1673.229mil","1642.915mil","T","90.00","LED"
"D2","DO-214AC(SMA)","2456.693mil","4551.181mil","2456.693mil","4551.181mil","2533.858mil","4551.181mil","B","360.00","1N4001"
"D3_1","LED-3mm","3149.607mil","1181.104mil","3149.607mil","1181.104mil","3199.607mil","1181.104mil","T","180.00","LED"
"D3_2","LED-3mm","3149.607mil","590.553mil","3149.607mil","590.553mil","3199.607mil","590.553mil","T","180.00","LED"
"D3_3","LED-3mm","1968.505mil","4232.285mil","1968.505mil","4232.285mil","2018.505mil","4232.285mil","T","180.00","LED"
"D3_4","LED-3mm","2657.481mil","1692.915mil","2657.481mil","1692.915mil","2657.481mil","1642.915mil","T","90.00","LED"
"D3","DO-214AC(SMA)","2145.669mil","4610.236mil","2145.669mil","4610.236mil","2145.669mil","4687.402mil","B","90.00","1N4001"
"D4_1","LED-3mm","3740.158mil","1181.104mil","3740.158mil","1181.104mil","3790.158mil","1181.104mil","T","180.00","LED"
"D4_2","LED-3mm","3740.158mil","590.553mil","3740.158mil","590.553mil","3790.158mil","590.553mil","T","180.00","LED"
"D4_3","LED-3mm","2559.056mil","4232.285mil","2559.056mil","4232.285mil","2609.056mil","4232.285mil","T","180.00","LED"
"D4_4","LED-3mm","3641.733mil","1692.915mil","3641.733mil","1692.915mil","3641.733mil","1642.915mil","T","90.00","LED"
"D4","SMC_Vishay","1610.237mil","5094.49mil","1610.237mil","5094.49mil","1610.237mil","5219.687mil","B","90.00","1N5401"
"D5_1","LED-3mm","4527.56mil","1181.104mil","4527.56mil","1181.104mil","4577.56mil","1181.104mil","T","180.00","LED"
"D5_2","LED-3mm","4527.56mil","590.553mil","4527.56mil","590.553mil","4577.56mil","590.553mil","T","180.00","LED"
"D5_3","LED-3mm","787.402mil","3641.734mil","787.402mil","3641.734mil","787.402mil","3691.734mil","T","270.00","LED"
"D5_4","LED-3mm","4625.985mil","1692.915mil","4625.985mil","1692.915mil","4625.985mil","1642.915mil","T","90.00","LED"
"D5","SMC_Vishay","1610.237mil","4677.167mil","1610.237mil","4677.167mil","1610.237mil","4802.364mil","B","90.00","1N5401"
"D6_1","LED-3mm","5118.111mil","1181.104mil","5118.111mil","1181.104mil","5168.111mil","1181.104mil","T","180.00","LED"
"D6_2","LED-3mm","5118.111mil","590.553mil","5118.111mil","590.553mil","5168.111mil","590.553mil","T","180.00","LED"
"D6_3","LED-3mm","1377.954mil","3641.734mil","1377.954mil","3641.734mil","1377.954mil","3691.734mil","T","270.00","LED"
"D6_4","LED-3mm","5610.237mil","1692.915mil","5610.237mil","1692.915mil","5610.237mil","1642.915mil","T","90.00","LED"
"D6","DO-214AC(SMA)","759.843mil","4551.183mil","759.843mil","4551.183mil","682.678mil","4551.183mil","B","180.00","1N4001"
"D7_1","LED-3mm","5708.662mil","1181.104mil","5708.662mil","1181.104mil","5758.662mil","1181.104mil","T","180.00","LED"
"D7_2","LED-3mm","5708.662mil","590.553mil","5708.662mil","590.553mil","5758.662mil","590.553mil","T","180.00","LED"
"D7_3","LED-3mm","1968.505mil","3641.734mil","1968.505mil","3641.734mil","1968.505mil","3691.734mil","T","270.00","LED"
"D7_4","LED-3mm","6594.489mil","1692.915mil","6594.489mil","1692.915mil","6594.489mil","1642.915mil","T","90.00","LED"
"D7","DO-214AC(SMA)","964.567mil","4610.236mil","964.567mil","4610.236mil","964.567mil","4687.402mil","B","90.00","1N4001"
"D8_1","LED-3mm","6299.213mil","1181.104mil","6299.213mil","1181.104mil","6349.213mil","1181.104mil","T","180.00","LED"
"D8_2","LED-3mm","6299.213mil","590.553mil","6299.213mil","590.553mil","6349.213mil","590.553mil","T","180.00","LED"
"D8_3","LED-3mm","2559.056mil","3641.734mil","2559.056mil","3641.734mil","2559.056mil","3691.734mil","T","270.00","LED"
"D8_4","LED-3mm","7578.741mil","1692.915mil","7578.741mil","1692.915mil","7578.741mil","1642.915mil","T","90.00","LED"
"D51_1","Diode_SOD-123","1228.347mil","1362.207mil","1228.347mil","1362.207mil","1163.977mil","1362.207mil","B","180.00","BAV20W"
"D51_2","Diode_SOD-123","413.386mil","1437.008mil","413.386mil","1437.008mil","413.386mil","1501.378mil","B","90.00","BAV20W"
"D61","Diode_SOD-123","165.354mil","2047.244mil","165.354mil","2047.244mil","165.354mil","1982.874mil","B","270.00","BAV20W"
"P1","MIDI","7901.575mil","3688.978mil","7901.575mil","3688.978mil","7901.575mil","3588.978mil","B","90.00","MIDI Out"
"P2","HDR1X6","7690.945mil","133.86mil","7440.946mil","133.86mil","7440.945mil","133.86mil","B","360.00","Program / Debug"
"P IN","MIDI","7901.575mil","3295.278mil","7901.575mil","3295.278mil","7901.575mil","3195.278mil","B","90.00","MIDI IN Opt"
"R1","RES_1206","2287.402mil","5338.586mil","2283.465mil","5338.585mil","2215.551mil","5338.586mil","B","360.00","680"
"R2","RES_1206","2460.629mil","4669.29mil","2464.567mil","4669.291mil","2532.48mil","4669.29mil","B","180.00","240"
"R3","RES_1206","925.198mil","5338.584mil","921.26mil","5338.585mil","853.347mil","5338.584mil","B","360.00","330"
"R4","RES_1206","744.096mil","4669.292mil","740.158mil","4669.293mil","672.245mil","4669.292mil","B","360.00","240"
"R31","RES_1206","354.332mil","1039.371mil","354.331mil","1043.309mil","354.332mil","1111.222mil","B","270.00","10K"
"R32","RES_1206","452.755mil","1039.371mil","452.757mil","1035.435mil","452.755mil","967.521mil","B","90.00","10K"
"R41","RES_1206","7338.583mil","4389.766mil","7334.646mil","4389.766mil","7266.733mil","4389.766mil","B","360.00","10K"
"R42","RES_1206","7732.285mil","4389.764mil","7736.221mil","4389.766mil","7804.135mil","4389.764mil","B","180.00","10K"
"R43","RES_1206","7480.315mil","4291.34mil","7484.253mil","4291.341mil","7552.165mil","4291.34mil","B","180.00","10K"
"R61","RES_1206","590.551mil","2287.403mil","590.552mil","2283.466mil","590.551mil","2215.552mil","B","90.00","39k"
"R62","RES_1206","1574.803mil","2287.403mil","1574.804mil","2283.466mil","1574.803mil","2215.552mil","B","90.00","39k"
"R63","RES_1206","2559.055mil","2287.403mil","2559.056mil","2283.466mil","2559.055mil","2215.552mil","B","90.00","39k"
"R64","RES_1206","3543.307mil","2287.403mil","3543.308mil","2283.466mil","3543.307mil","2215.552mil","B","90.00","39k"
"R65","RES_1206","4527.559mil","2287.403mil","4527.56mil","2283.466mil","4527.559mil","2215.552mil","B","90.00","39k"
"R66","RES_1206","5511.811mil","2287.403mil","5511.812mil","2283.466mil","5511.811mil","2215.552mil","B","90.00","39k"
"R67","RES_1206","6496.063mil","2287.403mil","6496.064mil","2283.466mil","6496.063mil","2215.552mil","B","90.00","39k"
"R68","RES_1206","7480.315mil","2287.403mil","7480.316mil","2283.466mil","7480.315mil","2215.552mil","B","90.00","39k"
"R69","RES_1206","7125.983mil","3940.947mil","7125.985mil","3937.01mil","7125.983mil","3869.096mil","B","90.00","39k"
"R71_1","RES_1206","311.025mil","1870.079mil","314.961mil","1870.081mil","382.875mil","1870.079mil","B","180.00","10K"
"R71_2","RES_1206","1295.276mil","1870.08mil","1299.213mil","1870.081mil","1367.127mil","1870.08mil","B","180.00","10K"
"R71_3","RES_1206","2279.528mil","1870.08mil","2283.465mil","1870.081mil","2351.379mil","1870.08mil","B","180.00","10K"
"R71_4","RES_1206","3263.781mil","1870.08mil","3267.717mil","1870.081mil","3335.631mil","1870.08mil","B","180.00","10K"
"R71_5","RES_1206","4248.032mil","1870.08mil","4251.969mil","1870.081mil","4319.883mil","1870.08mil","B","180.00","10K"
"R71_6","RES_1206","5232.284mil","1870.08mil","5236.221mil","1870.081mil","5304.135mil","1870.08mil","B","180.00","10K"
"R71_7","RES_1206","6216.535mil","1870.08mil","6220.473mil","1870.081mil","6288.385mil","1870.08mil","B","180.00","10K"
"R71_8","RES_1206","7200.788mil","1870.08mil","7204.725mil","1870.081mil","7272.639mil","1870.08mil","B","180.00","10K"
"R71_9","RES_1206","6834.647mil","3641.734mil","6838.583mil","3641.734mil","6906.497mil","3641.734mil","B","180.00","10K"
"R72_1","RES_1206","311.025mil","1968.505mil","314.961mil","1968.506mil","382.875mil","1968.505mil","B","180.00","10K"
"R72_2","RES_1206","1295.276mil","1968.506mil","1299.213mil","1968.506mil","1367.127mil","1968.506mil","B","180.00","10K"
"R72_3","RES_1206","2279.528mil","1968.506mil","2283.465mil","1968.506mil","2351.379mil","1968.506mil","B","180.00","10K"
"R72_4","RES_1206","3263.781mil","1968.506mil","3267.717mil","1968.506mil","3335.631mil","1968.506mil","B","180.00","10K"
"R72_5","RES_1206","4248.032mil","1968.506mil","4251.969mil","1968.506mil","4319.883mil","1968.506mil","B","180.00","10K"
"R72_6","RES_1206","5232.284mil","1968.506mil","5236.221mil","1968.506mil","5304.135mil","1968.506mil","B","180.00","10K"
"R72_7","RES_1206","6216.535mil","1968.506mil","6220.473mil","1968.506mil","6288.385mil","1968.506mil","B","180.00","10K"
"R72_8","RES_1206","7200.788mil","1968.506mil","7204.725mil","1968.506mil","7272.639mil","1968.506mil","B","180.00","10K"
"R72_9","RES_1206","7614.174mil","3641.735mil","7610.237mil","3641.734mil","7542.324mil","3641.735mil","B","360.00","10K"
"R73_1","RES_1206","590.551mil","1657.482mil","590.552mil","1661.419mil","590.551mil","1729.332mil","B","270.00","10K"
"R73_2","RES_1206","1574.805mil","1657.483mil","1574.804mil","1661.419mil","1574.805mil","1729.334mil","B","270.00","10K"
"R73_3","RES_1206","2559.057mil","1657.483mil","2559.056mil","1661.419mil","2559.057mil","1729.334mil","B","270.00","10K"
"R73_4","RES_1206","3543.309mil","1657.482mil","3543.308mil","1661.419mil","3543.309mil","1729.332mil","B","270.00","10K"
"R73_5","RES_1206","4527.561mil","1657.483mil","4527.56mil","1661.419mil","4527.561mil","1729.334mil","B","270.00","10K"
"R73_6","RES_1206","5511.813mil","1657.483mil","5511.812mil","1661.419mil","5511.813mil","1729.334mil","B","270.00","10K"
"R73_7","RES_1206","6496.065mil","1657.482mil","6496.064mil","1661.419mil","6496.065mil","1729.332mil","B","270.00","10K"
"R73_8","RES_1206","7480.317mil","1657.483mil","7480.316mil","1661.419mil","7480.317mil","1729.334mil","B","270.00","10K"
"R73_9","RES_1206","7051.181mil","3748.03mil","7055.118mil","3748.032mil","7123.032mil","3748.03mil","B","180.00","10K"
"R74_1","RES_1206","787.403mil","1657.482mil","787.402mil","1661.419mil","787.403mil","1729.332mil","B","270.00","10K"
"R74_2","RES_1206","1771.655mil","1657.483mil","1771.654mil","1661.419mil","1771.655mil","1729.334mil","B","270.00","10K"
"R74_3","RES_1206","2755.907mil","1657.483mil","2755.906mil","1661.419mil","2755.907mil","1729.334mil","B","270.00","10K"
"R74_4","RES_1206","3740.159mil","1657.482mil","3740.158mil","1661.419mil","3740.159mil","1729.332mil","B","270.00","10K"
"R74_5","RES_1206","4724.411mil","1657.483mil","4724.41mil","1661.419mil","4724.411mil","1729.334mil","B","270.00","10K"
"R74_6","RES_1206","5708.661mil","1657.483mil","5708.662mil","1661.419mil","5708.661mil","1729.334mil","B","270.00","10K"
"R74_7","RES_1206","6692.913mil","1653.546mil","6692.914mil","1657.482mil","6692.913mil","1725.396mil","B","270.00","10K"
"R74_8","RES_1206","7677.165mil","1657.483mil","7677.166mil","1661.419mil","7677.165mil","1729.334mil","B","270.00","10K"
"R74_9","RES_1206","7397.638mil","3748.032mil","7393.701mil","3748.032mil","7325.788mil","3748.032mil","B","360.00","10K"
"R101","RES_1206","7578.74mil","3421.261mil","7578.741mil","3425.199mil","7578.74mil","3493.111mil","B","270.00","220"
"R102","RES_1206","7716.534mil","3421.261mil","7716.536mil","3425.199mil","7716.534mil","3493.111mil","B","270.00","220"
"R103","RES_1206","7468.505mil","267.718mil","7464.568mil","267.718mil","7396.655mil","267.718mil","B","360.00","10K"
"R501_1","RES_1206","1708.662mil","1003.94mil","1704.725mil","1003.939mil","1636.811mil","1003.94mil","B","360.00","39k"
"R501_2","RES_1206","4267.717mil","767.718mil","4263.78mil","767.718mil","4195.867mil","767.718mil","B","0.00","39k"
"R502_1","RES_1206","2299.214mil","1003.94mil","2295.276mil","1003.939mil","2227.363mil","1003.94mil","B","360.00","39k"
"R502_2","RES_1206","4858.268mil","767.718mil","4854.331mil","767.718mil","4786.417mil","767.718mil","B","360.00","39k"
"R503_1","RES_1206","2889.765mil","1003.94mil","2885.827mil","1003.939mil","2817.915mil","1003.94mil","B","360.00","39k"
"R503_2","RES_1206","5448.821mil","767.718mil","5444.883mil","767.718mil","5376.971mil","767.718mil","B","360.00","39k"
"R504_1","RES_1206","3480.315mil","1003.938mil","3476.379mil","1003.939mil","3408.465mil","1003.938mil","B","0.00","39k"
"R504_2","RES_1206","6039.371mil","767.718mil","6035.434mil","767.718mil","5967.521mil","767.718mil","B","360.00","39k"
"R505_1","RES_1206","4267.718mil","1003.938mil","4263.78mil","1003.939mil","4195.867mil","1003.938mil","B","0.00","39k"
"R505_2","RES_1206","547.245mil","4035.434mil","543.308mil","4035.435mil","475.395mil","4035.434mil","B","360.00","39k"
"R506_1","RES_1206","4858.269mil","1003.94mil","4854.331mil","1003.939mil","4786.419mil","1003.94mil","B","0.00","39k"
"R506_2","RES_1206","1137.797mil","4035.434mil","1133.859mil","4035.435mil","1065.947mil","4035.434mil","B","0.00","39k"
"R507_1","RES_1206","5448.819mil","1003.94mil","5444.883mil","1003.939mil","5376.969mil","1003.94mil","B","0.00","39k"
"R507_2","RES_1206","1728.348mil","4035.434mil","1724.41mil","4035.435mil","1656.497mil","4035.434mil","B","0.00","39k"
"R508_1","RES_1206","6039.371mil","1003.94mil","6035.434mil","1003.939mil","5967.521mil","1003.94mil","B","360.00","39k"
"R508_2","RES_1206","2318.898mil","4035.436mil","2314.961mil","4035.435mil","2247.047mil","4035.436mil","B","0.00","39k"
"R509_1","RES_1206","1708.662mil","767.718mil","1704.725mil","767.718mil","1636.811mil","767.718mil","B","360.00","39k"
"R509_2","RES_1206","547.245mil","3838.586mil","543.308mil","3838.585mil","475.395mil","3838.586mil","B","360.00","39k"
"R510_1","RES_1206","2299.213mil","767.718mil","2295.276mil","767.718mil","2227.363mil","767.718mil","B","360.00","39k"
"R510_2","RES_1206","1137.797mil","3838.586mil","1133.859mil","3838.585mil","1065.947mil","3838.586mil","B","0.00","39k"
"R511_1","RES_1206","2889.765mil","767.718mil","2885.827mil","767.718mil","2817.915mil","767.718mil","B","360.00","39k"
"R511_2","RES_1206","1728.347mil","3838.584mil","1724.41mil","3838.585mil","1656.497mil","3838.584mil","B","0.00","39k"
"R512_1","RES_1206","3480.315mil","767.718mil","3476.379mil","767.718mil","3408.465mil","767.718mil","B","360.00","39k"
"R512_2","RES_1206","2318.899mil","3838.584mil","2314.961mil","3838.585mil","2247.049mil","3838.584mil","B","0.00","39k"
"RP1","3313J-1","2685.041mil","5303.152mil","2685.04mil","5307.089mil","2639.765mil","5364.176mil","B","360.00","390"
"RP2","3313J-1","531.497mil","5299.214mil","531.497mil","5303.152mil","486.221mil","5360.238mil","B","360.00","100"
"RP91","3313J-1","6015.748mil","2500.002mil","6015.749mil","2503.939mil","5970.472mil","2561.026mil","B","0.00","10K"
"U3_MCP1","MCP23S17-E/SO","934.843mil","3102.365mil","1259.843mil","2917.325mil","1259.843mil","2917.326mil","B","90.00","MCP23S17"
"U3_MCP2","MCP23S17-E/SO","2415.159mil","3102.363mil","2740.158mil","2917.324mil","2740.159mil","2917.324mil","B","90.00","MCP23S17"
"U4","HT16K33_SOP","740.158mil","734.058mil","925.198mil","1059.057mil","925.197mil","1059.058mil","B","180.00","HT16K33"
"U7","D2PAK","2468.505mil","4964.568mil","2259.843mil","4964.569mil","2259.843mil","4864.568mil","B","90.00","LM317"
"U8","D2PAK","740.158mil","4964.568mil","948.82mil","4964.569mil","948.819mil","5064.568mil","B","270.00","LM317"
"U2","NL37WZ07USG","7381.889mil","3120.082mil","7437.009mil","3149.608mil","7437.007mil","3149.609mil","B","180.00","NL37WZ07USG"
"Y1","HC49/4H_SMX_CRYSTAL","7736.222mil","759.843mil","7736.221mil","759.844mil","7736.222mil","572.835mil","B","90.00","8Mhz"
"U5","SST25VF020B","7035.434mil","2673.426mil","6917.324mil","2598.427mil","6917.324mil","2598.426mil","B","360.00","SST25VF020B"
"C107","CAPA_1206_POL","6692.913mil","857.283mil","6692.913mil","858.268mil","6692.913mil","785.433mil","B","90.00","10uF"

